dataset,sample_id,modal,natoms,case,resolved_policy,n_warmup,n_repeat,device,mean_ms,std_ms,median_ms,p95_ms,warmup_mean_ms,warmup_std_ms,abs_energy_diff_vs_e3nn,max_abs_force_diff_vs_e3nn
qm9_hf,0_3057,qcml,29,e3nn_baseline,baseline,3,10,cuda,29.40622386522591,0.17210316919232482,29.41260952502489,29.6696376404725,111.99974579115708,39.78583821688398,0.0,5.736947059631348e-07
qm9_hf,0_3057,qcml,29,e3nn_pair_full,full,3,10,cuda,48.07258027140051,0.20641223623575047,47.991177532821894,48.42492319876328,138.81823071278632,59.81781386251084,0.0,1.1771917343139648e-06
