dataset,sample_id,modal,natoms,case,n_warmup,n_repeat,device,resolved_policy,abs_energy_diff_mean,abs_energy_diff_std,abs_energy_diff_max,max_force_diff_mean,max_force_diff_std,max_force_diff_max,mean_force_diff_mean,mean_force_diff_std,mean_force_diff_max
salex_train_official,alex_go_aao_005:4493,omat24,132,e3nn_baseline,2,10,cuda,baseline,3.662109375e-05,4.048614246039307e-05,0.0001220703125,1.4312565326690673e-06,1.4043702119082985e-07,1.6689300537109375e-06,2.8680313448603554e-07,2.0643049150086586e-08,3.152761962610384e-07
salex_train_official,alex_go_aao_005:4493,omat24,132,e3nn_pair_full,2,10,cuda,full,6.103515625e-05,2.729575167846423e-05,0.0001220703125,2.44826078414917e-06,2.5428647113092423e-07,3.0100345611572266e-06,4.557988972919702e-07,1.0118332205432611e-08,4.726725251202879e-07
