dataset,sample_id,modal,natoms,case,n_warmup,n_repeat,device,resolved_policy,abs_energy_diff_mean,abs_energy_diff_std,abs_energy_diff_max,max_force_diff_mean,max_force_diff_std,max_force_diff_max,mean_force_diff_mean,mean_force_diff_std,mean_force_diff_max
salex_train_official,alex_go_aao_005:4493,omat24,132,sevennet_baseline,2,30,cuda,baseline,0.00010986328125,2.905854666562032e-05,0.00018310546875,1.459879179795583e-06,1.5801239633043293e-07,1.8775463104248047e-06,2.761997014507263e-07,1.2407390832587267e-08,3.018331824478082e-07
salex_train_official,alex_go_aao_005:4493,omat24,132,sevennet_geometry_only,2,30,cuda,geometry_only,8.951822916666666e-05,3.0449685764761897e-05,0.0001220703125,2.1204973260561626e-06,2.7412656233549064e-07,2.7120113372802734e-06,4.271426130723436e-07,1.505550674031265e-08,4.660096522002277e-07
