dataset,sample_id,modal,natoms,case,resolved_policy,n_warmup,n_repeat,device,mean_ms,std_ms,median_ms,p95_ms,warmup_mean_ms,warmup_std_ms,abs_energy_diff_vs_e3nn,max_abs_force_diff_vs_e3nn
ani1ccx,055:0,spice,55,flash_baseline,baseline,3,10,cuda,13.36594291497022,0.10696565977230302,13.322937535122037,13.571623631287366,184.26077269638577,174.7641578646759,0.0,1.1920928955078125e-06
ani1ccx,055:0,spice,55,flash_pair_auto,geometry_only,3,10,cuda,26.31889709737152,3.3151711706929716,27.547300094738603,28.052761394064873,166.73096044299504,143.97466954330028,0.0,1.6689300537109375e-06
