dataset,sample_id,modal,natoms,case,resolved_policy,n_warmup,n_repeat,device,mean_ms,std_ms,median_ms,p95_ms,warmup_mean_ms,warmup_std_ms,abs_energy_diff_vs_e3nn,max_abs_force_diff_vs_e3nn
omol25_train_4m,OMol25_train_4M_data0016_18415,omol25_low,350,flash_baseline,baseline,3,10,cuda,28.061865735799074,0.4773061581429834,27.95569901354611,28.9349882514216,68.68781032972038,15.103248316355177,0.0,2.205371856689453e-06
omol25_train_4m,OMol25_train_4M_data0016_18415,omol25_low,350,flash_pair_auto,geometry_only,3,10,cuda,30.57838948443532,2.60645423134343,29.227715451270342,35.214948758948594,112.73562729669113,63.007798357905855,0.0,3.0100345611572266e-06
