dataset,sample_id,modal,natoms,case,resolved_policy,n_warmup,n_repeat,device,mean_ms,std_ms,median_ms,p95_ms,warmup_mean_ms,warmup_std_ms,abs_energy_diff_vs_baseline,max_abs_force_diff_vs_baseline
oc20_s2ef_train_2m,frame27,oc20,225,sevennet_baseline,baseline,3,30,cuda,163.50460357498378,0.14169185124617084,163.5246960213408,163.72140693711117,229.68154462675253,42.53056163841431,0.0,5.960464477539062e-07
oc20_s2ef_train_2m,frame27,oc20,225,sevennet_geometry_only,geometry_only,3,30,cuda,165.5365243786946,0.16547080259963676,165.56509747169912,165.72991741122678,231.10605496913195,41.94511754643295,0.0,7.934868335723877e-07
