dataset,sample_id,modal,natoms,case,resolved_policy,n_warmup,n_repeat,device,mean_ms,std_ms,median_ms,p95_ms,warmup_mean_ms,warmup_std_ms,abs_energy_diff_vs_e3nn,max_abs_force_diff_vs_e3nn
omol25_validation,OMol25_validation_data0012_18589,omol25_low,350,e3nn_baseline,baseline,3,30,cuda,274.25824001741904,0.26116844730100763,274.22655059490353,274.7628213255666,330.862515217935,36.50857575229303,0.0,2.86102294921875e-06
omol25_validation,OMol25_validation_data0012_18589,omol25_low,350,e3nn_pair_full,full,3,30,cuda,271.5910599023725,0.319772928487671,271.48227114230394,272.13483239756897,339.35546906044084,54.90493398403675,0.0,2.2649765014648438e-06
