dataset,sample_id,modal,natoms,case,resolved_policy,n_warmup,n_repeat,device,mean_ms,std_ms,median_ms,p95_ms,warmup_mean_ms,warmup_std_ms,abs_energy_diff_vs_e3nn,max_abs_force_diff_vs_e3nn
md22_buckyball_catcher,md22_buckyball-catcher_1114,spice,148,e3nn_baseline,baseline,3,10,cuda,104.06654751859605,0.1325198716404491,104.08334201201797,104.24871777649969,173.3472510240972,44.83968720774117,0.0,1.6689300537109375e-06
md22_buckyball_catcher,md22_buckyball-catcher_1114,spice,148,e3nn_pair_full,full,3,10,cuda,97.54667624365538,0.3206959747411525,97.63162618037313,97.90260972222313,188.24289389885962,78.31887578017408,0.0,2.473592758178711e-06
