dataset,sample_id,modal,natoms,method,timing_ms_mean,timing_ms_std,timing_ms_median,timing_ms_p95
salex_val_official,alex_go_aao_006:1039,omat24,128,cpu_original,88.4503951179795,0.445880444587528,88.39584235101938,89.13019633619115
salex_val_official,alex_go_aao_006:1039,omat24,128,cpu_vectorized,15.5656329379417,0.1122924612787646,15.553861972875893,15.743895282503217
salex_val_official,alex_go_aao_006:1039,omat24,128,gpu_vectorized_kernel_only,0.7741284440271556,0.012381378364241054,0.773039530031383,0.7940141018480062
