dataset,sample_id,modal,natoms,case,resolved_policy,n_warmup,n_repeat,device,mean_ms,std_ms,median_ms,p95_ms,warmup_mean_ms,warmup_std_ms,abs_energy_diff_vs_baseline,max_abs_force_diff_vs_baseline
oc20_s2ef_val_ood_ads,OC20_S2EF_val_ood_ads__file_0071__config_1575,oc20,225,sevennet_baseline,baseline,3,30,cuda,102.72656773061802,0.16603784762238363,102.77581005357206,102.92271310463548,173.50470003051063,45.057322398742976,0.0,6.556510925292969e-07
oc20_s2ef_val_ood_ads,OC20_S2EF_val_ood_ads__file_0071__config_1575,oc20,225,sevennet_geometry_only,geometry_only,3,30,cuda,103.95463144717117,0.1589706194651811,103.97300904151052,104.19713518349454,174.87784762245914,45.342199992906885,0.0,1.0132789611816406e-06
