dataset,sample_id,modal,natoms,case,resolved_policy,n_warmup,n_repeat,device,mean_ms,std_ms,median_ms,p95_ms,warmup_mean_ms,warmup_std_ms,abs_energy_diff_vs_e3nn,max_abs_force_diff_vs_e3nn
oc20_s2ef_val_ood_cat,OC20_S2EF_val_ood_cat__file_0023__config_854,oc20,225,e3nn_baseline,baseline,3,10,cuda,156.07421009335667,0.12201798705171024,156.05198254343122,156.27676935400814,221.88666951842606,42.08416440304206,0.0,4.76837158203125e-07
oc20_s2ef_val_ood_cat,OC20_S2EF_val_ood_cat__file_0023__config_854,oc20,225,e3nn_pair_full,full,3,10,cuda,152.63956461567432,0.2764868540560833,152.61475706938654,153.0339122749865,248.0550849965463,88.47222163834054,0.0,8.046627044677734e-07
