dataset,sample_id,modal,natoms,method,timing_ms_mean,timing_ms_std,timing_ms_median,timing_ms_p95
iso17,iso17,spice,19,cpu_original,2.385490797460079,0.01617492733844837,2.3858704371377826,2.4090298800729215
iso17,iso17,spice,19,cpu_vectorized,0.5516715091653168,0.007021086491801052,0.550450524315238,0.5601070122793317
iso17,iso17,spice,19,gpu_vectorized_kernel_only,0.5260516353882849,0.01622702375633191,0.5239226156845689,0.5558070959523319
