dataset,sample_id,modal,natoms,case,resolved_policy,n_warmup,n_repeat,device,mean_ms,std_ms,median_ms,p95_ms,warmup_mean_ms,warmup_std_ms,abs_energy_diff_vs_e3nn,max_abs_force_diff_vs_e3nn
iso17,iso17,spice,19,flash_baseline,baseline,3,10,cuda,13.41421960387379,0.08757381236945593,13.383272918872535,13.571828487329185,60.92131067998707,15.64253834216981,0.0,1.430511474609375e-06
iso17,iso17,spice,19,flash_pair_auto,geometry_only,3,10,cuda,13.732133898884058,0.04574149111645032,13.727559125982225,13.805066770873964,62.1497438599666,15.554342860109784,0.0,1.2516975402832031e-06
