dataset,sample_id,modal,natoms,case,resolved_policy,n_warmup,n_repeat,device,mean_ms,std_ms,median_ms,p95_ms,warmup_mean_ms,warmup_std_ms,abs_energy_diff_vs_e3nn,max_abs_force_diff_vs_e3nn
oc22_s2ef_val_id,s2ef_val_id_0,oc22,200,flash_baseline,baseline,3,10,cuda,25.72288925293833,1.723032070044275,25.423141079954803,28.215426520910114,67.0521833623449,13.624308810705037,0.0,7.62939453125e-06
oc22_s2ef_val_id,s2ef_val_id_0,oc22,200,flash_pair_auto,geometry_only,3,10,cuda,27.351747103966773,1.9210757789032884,27.51733094919473,30.093612731434405,93.82751397788525,39.781390075928584,0.0,5.7220458984375e-06
