dataset,sample_id,modal,natoms,case,resolved_policy,n_warmup,n_repeat,device,mean_ms,std_ms,median_ms,p95_ms,warmup_mean_ms,warmup_std_ms,abs_energy_diff_vs_e3nn,max_abs_force_diff_vs_e3nn
md22_buckyball_catcher,md22_buckyball-catcher_1114,spice,148,flash_baseline,baseline,3,10,cuda,14.518173690885305,0.20474801010430355,14.563283999450505,14.759156899526715,62.29073740541935,15.75439418670327,0.0,1.430511474609375e-06
md22_buckyball_catcher,md22_buckyball-catcher_1114,spice,148,flash_pair_auto,geometry_only,3,10,cuda,23.74802448321134,2.672738579752494,23.400022881105542,27.135057491250336,80.19443267645936,25.151857730548038,0.0,2.682209014892578e-06
