dataset,sample_id,modal,natoms,case,resolved_policy,n_warmup,n_repeat,device,mean_ms,std_ms,median_ms,p95_ms,warmup_mean_ms,warmup_std_ms,abs_energy_diff_vs_e3nn,max_abs_force_diff_vs_e3nn
oc20_s2ef_val_ood_cat,OC20_S2EF_val_ood_cat__file_0023__config_854,oc20,225,e3nn_baseline,baseline,3,30,cuda,156.1326912837103,0.10477589543033329,156.13253903575242,156.26823579659685,221.2258717045188,41.8101608206324,0.0,4.76837158203125e-07
oc20_s2ef_val_ood_cat,OC20_S2EF_val_ood_cat__file_0023__config_854,oc20,225,e3nn_pair_full,full,3,30,cuda,152.62578590773046,0.2787471723345727,152.60070643853396,153.05140151176602,225.37866599547365,57.353219593870264,0.0,1.519918441772461e-06
