dataset,baseline_mean_ms,baseline_std_ms,proposal_mean_ms,proposal_std_ms,speedup_baseline_over_proposal
oc20_s2ef_val_ood_cat,156.1326912837103,0.10477589543033329,152.62578590773046,0.2787471723345727,1.0229771486850847
