dataset,sample_id,modal,natoms,case,resolved_policy,n_warmup,n_repeat,device,mean_ms,std_ms,median_ms,p95_ms,warmup_mean_ms,warmup_std_ms,abs_energy_diff_vs_baseline,max_abs_force_diff_vs_baseline
wbm_initial,wbm_initial:23057,matpes_pbe,100,sevennet_baseline,baseline,3,30,cuda,34.57587415662905,0.35114583444128117,34.45244405884296,35.27613132027909,115.28649398436148,41.24747036761931,0.0,7.450580596923828e-07
wbm_initial,wbm_initial:23057,matpes_pbe,100,sevennet_geometry_only,geometry_only,3,30,cuda,35.327861085534096,0.8237064323165135,35.04163143225014,36.74615826457739,116.82949898143609,41.76093752403722,0.0,7.674098014831543e-07
