dataset,sample_id,modal,natoms,case,resolved_policy,n_warmup,n_repeat,device,mean_ms,std_ms,median_ms,p95_ms,warmup_mean_ms,warmup_std_ms,abs_energy_diff_vs_e3nn,max_abs_force_diff_vs_e3nn
mptrj,mp-1204603,mpa,444,e3nn_baseline,baseline,3,10,cuda,425.4814149811864,0.136312547353129,425.52023043390363,425.6469504442066,470.8469746789585,29.23184216193754,0.0,1.430511474609375e-06
mptrj,mp-1204603,mpa,444,e3nn_pair_full,full,3,10,cuda,420.71126175578684,0.23763271338445394,420.763507951051,421.0405820282176,543.9308440157523,137.8269945803794,0.0,2.1085143089294434e-06
