dataset,sample_id,modal,natoms,method,timing_ms_mean,timing_ms_std,timing_ms_median,timing_ms_p95
omat24_1m_official,train:106751,omat24,160,cpu_original,102.86256214603782,0.4684325005828958,102.79924853239208,103.66481285309419
omat24_1m_official,train:106751,omat24,160,cpu_vectorized,17.99836765276268,0.09745434074571498,17.994354595430195,18.16284878877923
omat24_1m_official,train:106751,omat24,160,gpu_vectorized_kernel_only,0.7908755703829229,0.010667781444694428,0.7887703832238913,0.8071134681813419
