dataset,sample_id,modal,natoms,method,timing_ms_mean,timing_ms_std,timing_ms_median,timing_ms_p95
qm9_hf,0_3057,qcml,29,cpu_original,3.9479208667762578,0.02377294471596044,3.949645906686783,3.986273519694805
qm9_hf,0_3057,qcml,29,cpu_vectorized,0.8130671200342476,0.00899657862708335,0.8107780013233423,0.8286489872261882
qm9_hf,0_3057,qcml,29,gpu_vectorized_kernel_only,0.5529696284793317,0.010519038572703554,0.5519780097529292,0.5776792066171765
