dataset,sample_id,modal,natoms,method,timing_ms_mean,timing_ms_std,timing_ms_median,timing_ms_p95
md22_stachyose,md22_stachyose_10546,spice,87,cpu_original,24.194739102385938,0.13000653882302773,24.21566646080464,24.384508130606264
md22_stachyose,md22_stachyose_10546,spice,87,cpu_vectorized,4.186480192001909,0.016901886640117218,4.184082034043968,4.225423722527921
md22_stachyose,md22_stachyose_10546,spice,87,gpu_vectorized_kernel_only,0.6689944700337946,0.009848972465511627,0.6693165050819516,0.6817573914304376
