dataset,sample_id,modal,natoms,case,resolved_policy,n_warmup,n_repeat,device,mean_ms,std_ms,median_ms,p95_ms,warmup_mean_ms,warmup_std_ms,abs_energy_diff_vs_e3nn,max_abs_force_diff_vs_e3nn
salex_val_official,alex_go_aao_006:1039,omat24,128,flash_baseline,baseline,3,10,cuda,27.369054267182946,1.0580549436113993,27.860398986376822,28.266378364060074,68.1878433873256,14.468628666395693,0.0,2.0116567611694336e-06
salex_val_official,alex_go_aao_006:1039,omat24,128,flash_pair_auto,geometry_only,3,10,cuda,28.133100480772555,0.9295161602381592,27.935244026593864,29.729228047654033,99.67106029701729,43.902646050274825,0.0,4.06801700592041e-06
