dataset,sample_id,modal,natoms,case,n_warmup,n_repeat,device,resolved_policy,abs_energy_diff_mean,abs_energy_diff_std,abs_energy_diff_max,max_force_diff_mean,max_force_diff_std,max_force_diff_max,mean_force_diff_mean,mean_force_diff_std,mean_force_diff_max
oc22_s2ef_val_id,s2ef_val_id_0,oc22,200,sevennet_baseline,2,30,cuda,baseline,1.220703125e-05,3.662109375e-05,0.0001220703125,7.947285970052084e-06,3.0391485602613116e-06,1.52587890625e-05,2.515437041476313e-07,1.928020983083914e-08,2.9119323130544217e-07
oc22_s2ef_val_id,s2ef_val_id_0,oc22,200,sevennet_geometry_only,2,30,cuda,geometry_only,2.0345052083333332e-05,4.549291946410705e-05,0.0001220703125,7.692972819010416e-06,2.522383934641186e-06,1.52587890625e-05,3.566904429893233e-07,1.6622618426186424e-08,3.846977278954e-07
