dataset,sample_id,modal,natoms,case,resolved_policy,n_warmup,n_repeat,device,mean_ms,std_ms,median_ms,p95_ms,warmup_mean_ms,warmup_std_ms,abs_energy_diff_vs_baseline,max_abs_force_diff_vs_baseline
oc20_s2ef_val_ood_both,OC20_S2EF_val_ood_both__file_0113__config_496,oc20,223,sevennet_baseline,baseline,3,30,cuda,174.3932388102015,0.15283220924931862,174.37061853706837,174.64545106049627,239.12643974957368,41.526929435808114,0.0,9.834766387939453e-07
oc20_s2ef_val_ood_both,OC20_S2EF_val_ood_both__file_0113__config_496,oc20,223,sevennet_geometry_only,geometry_only,3,30,cuda,176.60148795694113,0.2633968765522446,176.48314661346376,177.03892964636907,241.52684638587138,41.36363781709659,0.0,1.7881393432617188e-06
