dataset,sample_id,modal,natoms,case,resolved_policy,n_warmup,n_repeat,device,mean_ms,std_ms,median_ms,p95_ms,warmup_mean_ms,warmup_std_ms,abs_energy_diff_vs_e3nn,max_abs_force_diff_vs_e3nn
md22_double_walled_nanotube,md22_double-walled_nanotube_1987,spice,370,e3nn_baseline,baseline,3,10,cuda,367.5480339676142,0.10648078607632383,367.5759679172188,367.67928384942934,416.4454309114565,31.321374673005984,0.0,2.384185791015625e-06
md22_double_walled_nanotube,md22_double-walled_nanotube_1987,spice,370,e3nn_pair_full,full,3,10,cuda,363.698288006708,0.21932637883359382,363.69007593020797,364.0094335889444,481.55527499814826,128.00425586699373,0.0,3.5762786865234375e-06
