dataset,sample_id,modal,natoms,method,timing_ms_mean,timing_ms_std,timing_ms_median,timing_ms_p95
ani1x,ani1x-release_416625,spice,63,cpu_original,13.921778306830674,0.0791587155635131,13.927616062574089,14.047801261767745
ani1x,ani1x-release_416625,spice,63,cpu_vectorized,2.4585241870954633,0.011160936084050508,2.457799972034991,2.480887621641159
ani1x,ani1x-release_416625,spice,63,gpu_vectorized_kernel_only,0.6449805363081396,0.006773943927241329,0.6448018830269575,0.6550266989506781
