dataset,sample_id,modal,natoms,method,timing_ms_mean,timing_ms_std,timing_ms_median,timing_ms_p95
md22_double_walled_nanotube,md22_double-walled_nanotube_1987,spice,370,cpu_original,162.43726384826005,0.6698236238429301,162.37148351501673,163.5406786808744
md22_double_walled_nanotube,md22_double-walled_nanotube_1987,spice,370,cpu_vectorized,28.0884924903512,0.13975675805582638,28.095094487071037,28.318902384489775
md22_double_walled_nanotube,md22_double-walled_nanotube_1987,spice,370,gpu_vectorized_kernel_only,0.842110700905323,0.009248090383397677,0.8420569356530905,0.8579203044064343
