dataset,sample_id,modal,natoms,case,resolved_policy,n_warmup,n_repeat,device,mean_ms,std_ms,median_ms,p95_ms,warmup_mean_ms,warmup_std_ms,abs_energy_diff_vs_e3nn,max_abs_force_diff_vs_e3nn
md22_at_at,md22_AT-AT_12521,spice,60,flash_baseline,baseline,3,10,cuda,13.535005296580493,0.151373075670388,13.489627977833152,13.781193387694657,61.23052296849588,15.606821532738817,0.0,1.1920928955078125e-06
md22_at_at,md22_AT-AT_12521,spice,60,flash_pair_auto,geometry_only,3,10,cuda,20.046507008373737,2.1896199727893766,19.74950695876032,23.894745996221896,71.17552364555497,16.435093804052805,0.0,1.6689300537109375e-06
