dataset,sample_id,modal,natoms,case,n_warmup,n_repeat,device,resolved_policy,abs_energy_diff_mean,abs_energy_diff_std,abs_energy_diff_max,max_force_diff_mean,max_force_diff_std,max_force_diff_max,mean_force_diff_mean,mean_force_diff_std,mean_force_diff_max
omat24_1m_official,train:106751,omat24,160,e3nn_baseline,2,10,cuda,baseline,6.103515625e-06,1.8310546875000003e-05,6.103515625e-05,8.23974609375e-05,3.0669786441408965e-05,0.000152587890625,1.1137702188079856e-06,2.4757710383626374e-07,1.718096086733567e-06
omat24_1m_official,train:106751,omat24,160,e3nn_pair_full,2,10,cuda,full,6.103515625e-06,1.8310546875000003e-05,6.103515625e-05,0.00018310546875,5.459150335692846e-05,0.000244140625,1.9388277110010675e-06,1.5177087799710224e-07,2.1073112748126732e-06
