dataset,sample_id,modal,natoms,case,resolved_policy,n_warmup,n_repeat,device,mean_ms,std_ms,median_ms,p95_ms,warmup_mean_ms,warmup_std_ms,abs_energy_diff_vs_baseline,max_abs_force_diff_vs_baseline
md22_stachyose,md22_stachyose_10546,spice,87,sevennet_baseline,baseline,3,30,cuda,51.894765657683216,0.20318317811814143,51.8959533656016,52.13714857818559,125.96399569883943,46.64667251376672,0.0,1.1920928955078125e-06
md22_stachyose,md22_stachyose_10546,spice,87,sevennet_geometry_only,geometry_only,3,30,cuda,52.73565351186941,0.2663973021880316,52.66806960571557,53.18455636734143,127.14109096365671,46.94435949319226,0.0,1.4901161193847656e-06
