dataset,sample_id,modal,natoms,case,resolved_policy,n_warmup,n_repeat,device,mean_ms,std_ms,median_ms,p95_ms,warmup_mean_ms,warmup_std_ms,abs_energy_diff_vs_baseline,max_abs_force_diff_vs_baseline
omol25_validation,OMol25_validation_data0012_18589,omol25_low,350,sevennet_baseline,baseline,3,30,cuda,274.2365039496993,0.2054621997502051,274.2065895581618,274.6347065665759,331.55119729538757,36.76045079286576,0.0,2.384185791015625e-06
omol25_validation,OMol25_validation_data0012_18589,omol25_low,350,sevennet_geometry_only,geometry_only,3,30,cuda,277.808187281092,0.953869317831312,277.44109195191413,279.7219248255715,335.09597562563914,37.207393118712496,0.0,2.7418136596679688e-06
