dataset,sample_id,modal,natoms,case,n_warmup,n_repeat,device,resolved_policy,abs_energy_diff_mean,abs_energy_diff_std,abs_energy_diff_max,max_force_diff_mean,max_force_diff_std,max_force_diff_max,mean_force_diff_mean,mean_force_diff_std,mean_force_diff_max
oc22_s2ef_val_ood,is2re_val_ood_43,oc22,216,e3nn_baseline,2,10,cuda,baseline,6.103515625e-06,1.8310546875000003e-05,6.103515625e-05,9.851530194282531e-07,1.266994451744942e-07,1.1883676052093506e-06,1.8383229587470852e-07,4.89295012417476e-09,1.90390068155466e-07
oc22_s2ef_val_ood,is2re_val_ood_43,oc22,216,e3nn_pair_full,2,10,cuda,full,1.8310546875e-05,2.7969822356908206e-05,6.103515625e-05,1.8674880266189576e-06,1.5569797211450242e-07,2.1345913410186768e-06,4.3642131117849205e-07,6.803946478920143e-09,4.4727693193635787e-07
