dataset,sample_id,modal,natoms,case,resolved_policy,n_warmup,n_repeat,device,mean_ms,std_ms,median_ms,p95_ms,warmup_mean_ms,warmup_std_ms,abs_energy_diff_vs_e3nn,max_abs_force_diff_vs_e3nn
salex_train_official,alex_go_aao_005:4493,omat24,132,flash_baseline,baseline,3,10,cuda,18.168818834237754,0.05928389031314448,18.147633061744273,18.27019046759233,64.56346677926679,15.592836507346819,0.0,1.3560056686401367e-06
salex_train_official,alex_go_aao_005:4493,omat24,132,flash_pair_auto,geometry_only,3,10,cuda,27.927195164375007,2.2049835546806897,27.930164826102555,31.13665353739634,88.84931736004849,34.017260506371194,0.0,2.1457672119140625e-06
