dataset,sample_id,modal,natoms,case,resolved_policy,n_warmup,n_repeat,device,mean_ms,std_ms,median_ms,p95_ms,warmup_mean_ms,warmup_std_ms,abs_energy_diff_vs_e3nn,max_abs_force_diff_vs_e3nn
oc20_s2ef_val_ood_cat,OC20_S2EF_val_ood_cat__file_0023__config_854,oc20,225,flash_baseline,baseline,3,10,cuda,17.020408110693097,0.27291846096923056,17.097251140512526,17.305975768249482,63.41115936326484,15.353111654490105,0.0,5.066394805908203e-07
oc20_s2ef_val_ood_cat,OC20_S2EF_val_ood_cat__file_0023__config_854,oc20,225,flash_pair_auto,geometry_only,3,10,cuda,25.620360882021487,3.349019600854904,27.38173503894359,28.535409248434007,88.87180569581687,35.335507823105104,0.0,1.2218952178955078e-06
