dataset,sample_id,modal,natoms,case,n_warmup,n_repeat,device,resolved_policy,abs_energy_diff_mean,abs_energy_diff_std,abs_energy_diff_max,max_force_diff_mean,max_force_diff_std,max_force_diff_max,mean_force_diff_mean,mean_force_diff_std,mean_force_diff_max
oc22_s2ef_val_ood,is2re_val_ood_43,oc22,216,sevennet_baseline,2,30,cuda,baseline,4.069010416666667e-06,1.5224842882380947e-05,6.103515625e-05,8.88512780268987e-07,1.4144671094769875e-07,1.2246891856193542e-06,1.8183980519855442e-07,6.067928337031405e-09,1.945984564599712e-07
oc22_s2ef_val_ood,is2re_val_ood_43,oc22,216,sevennet_geometry_only,2,30,cuda,geometry_only,8.138020833333333e-06,2.0747963515595644e-05,6.103515625e-05,2.224991718928019e-06,2.246773884460589e-07,2.682209014892578e-06,4.4227784504376665e-07,6.902317890765675e-09,4.5677663251808553e-07
