dataset,sample_id,modal,natoms,case,resolved_policy,n_warmup,n_repeat,device,mean_ms,std_ms,median_ms,p95_ms,warmup_mean_ms,warmup_std_ms,abs_energy_diff_vs_e3nn,max_abs_force_diff_vs_e3nn
omat24_1m_official,train:106751,omat24,160,flash_baseline,baseline,3,10,cuda,27.951396093703806,1.0561590461036694,27.989667491056025,29.57271640188992,68.53157328441739,13.41156399522191,6.103515625e-05,0.000244140625
omat24_1m_official,train:106751,omat24,160,flash_pair_auto,geometry_only,3,10,cuda,28.234109841287136,0.9140465925673128,27.935617021284997,29.92500300751999,104.69030542299151,51.195998650884185,6.103515625e-05,0.00042724609375
