dataset,sample_id,modal,natoms,case,resolved_policy,n_warmup,n_repeat,device,mean_ms,std_ms,median_ms,p95_ms,warmup_mean_ms,warmup_std_ms,abs_energy_diff_vs_e3nn,max_abs_force_diff_vs_e3nn
md22_double_walled_nanotube,md22_double-walled_nanotube_1987,spice,370,flash_baseline,baseline,3,10,cuda,28.269196394830942,0.700932694227669,27.939187013544142,29.545386938843876,69.62278493059178,15.950838398370193,0.0,2.3692846298217773e-06
md22_double_walled_nanotube,md22_double-walled_nanotube_1987,spice,370,flash_pair_auto,geometry_only,3,10,cuda,32.345347572118044,0.296685908254798,32.239102525636554,32.88380436133593,125.37157605402172,79.16347008548937,0.0,4.76837158203125e-06
