dataset,sample_id,modal,natoms,case,resolved_policy,n_warmup,n_repeat,device,mean_ms,std_ms,median_ms,p95_ms,warmup_mean_ms,warmup_std_ms,abs_energy_diff_vs_e3nn,max_abs_force_diff_vs_e3nn
phonondb_pbe,phonondb_pbe.extxyz:0,matpes_r2scan,8,flash_baseline,baseline,3,10,cuda,13.364682416431606,0.09529087412981745,13.326842105016112,13.54614500887692,60.87337566229204,15.599658813197687,0.0,9.778887033462524e-08
phonondb_pbe,phonondb_pbe.extxyz:0,matpes_r2scan,8,flash_pair_auto,geometry_only,3,10,cuda,13.76414995174855,0.1378195026346192,13.711274368688464,13.995202293153852,61.9221453089267,15.589712370533057,0.0,8.161232756265235e-08
