dataset,sample_id,modal,natoms,case,resolved_policy,n_warmup,n_repeat,device,mean_ms,std_ms,median_ms,p95_ms,warmup_mean_ms,warmup_std_ms,abs_energy_diff_vs_baseline,max_abs_force_diff_vs_baseline
oc22_s2ef_train,s2ef_train_0,oc22,228,sevennet_baseline,baseline,3,30,cuda,216.28689307253808,0.1010631404492708,216.27630048897117,216.45989060634747,277.67866508414346,39.37160147889075,0.0,1.1920928955078125e-06
oc22_s2ef_train,s2ef_train_0,oc22,228,sevennet_geometry_only,geometry_only,3,30,cuda,218.61789834996065,0.19908512987411217,218.5947890393436,218.97125685354695,280.9636453942706,39.66608361847008,0.0,1.996755599975586e-06
