dataset,sample_id,modal,natoms,case,resolved_policy,n_warmup,n_repeat,device,mean_ms,std_ms,median_ms,p95_ms,warmup_mean_ms,warmup_std_ms,abs_energy_diff_vs_baseline,max_abs_force_diff_vs_baseline
salex_train_official,alex_go_aao_005:4493,omat24,132,sevennet_baseline,baseline,3,30,cuda,152.0152042309443,0.16511511732491058,152.02927798964083,152.30966476956382,218.64311575579146,42.7389842316539,0.0001220703125,1.1920928955078125e-06
salex_train_official,alex_go_aao_005:4493,omat24,132,sevennet_geometry_only,geometry_only,3,30,cuda,153.88048199626306,0.18463487182252744,153.8915024138987,154.10946097690612,220.37837863899767,42.73147779317643,6.103515625e-05,1.6689300537109375e-06
