dataset,sample_id,modal,natoms,case,resolved_policy,n_warmup,n_repeat,device,mean_ms,std_ms,median_ms,p95_ms,warmup_mean_ms,warmup_std_ms,abs_energy_diff_vs_e3nn,max_abs_force_diff_vs_e3nn
ani1x,ani1x-release_416625,spice,63,e3nn_baseline,baseline,3,10,cuda,31.5002522431314,0.3156348405716656,31.356220482848585,32.014534750487655,111.97614258465667,40.58482750748894,0.0,1.3113021850585938e-06
ani1x,ani1x-release_416625,spice,63,e3nn_pair_full,full,3,10,cuda,48.59277354553342,0.4293138233881927,48.519053612835705,49.240665149409324,137.44141068309546,57.098967185867,0.0,2.2649765014648438e-06
