dataset,sample_id,modal,natoms,case,resolved_policy,n_warmup,n_repeat,device,mean_ms,std_ms,median_ms,p95_ms,warmup_mean_ms,warmup_std_ms,abs_energy_diff_vs_e3nn,max_abs_force_diff_vs_e3nn
omol25_train_neutral,OMol25_train_neutral_data0063_395425,omol25_low,181,flash_baseline,baseline,3,10,cuda,16.325013455934823,0.13074309253368258,16.356494510546327,16.442473977804184,62.81409963654975,15.521131394788897,0.0,7.62939453125e-06
omol25_train_neutral,OMol25_train_neutral_data0063_395425,omol25_low,181,flash_pair_auto,geometry_only,3,10,cuda,26.75257574301213,1.9265969756270966,27.43977541103959,28.02393122110516,87.33024797402322,33.651820597274636,0.0,1.52587890625e-05
