dataset,sample_id,modal,natoms,case,resolved_policy,n_warmup,n_repeat,device,mean_ms,std_ms,median_ms,p95_ms,warmup_mean_ms,warmup_std_ms,abs_energy_diff_vs_baseline,max_abs_force_diff_vs_baseline
omat24_1m_official,train:106751,omat24,160,sevennet_baseline,baseline,3,30,cuda,232.48456125923744,0.14397394840243327,232.46168287005275,232.7566781663336,292.8953845985234,38.79329147574169,0.0,0.00018310546875
omat24_1m_official,train:106751,omat24,160,sevennet_geometry_only,geometry_only,3,30,cuda,235.4198444634676,0.24071565590914745,235.40477198548615,235.74776659952477,296.26644402742386,38.67339327645412,0.0,0.0001220703125
