dataset,sample_id,modal,natoms,method,timing_ms_mean,timing_ms_std,timing_ms_median,timing_ms_p95
omol25_train_4m,OMol25_train_4M_data0016_18415,omol25_low,350,cpu_original,130.62949804356322,1.0085496290011466,130.67121396306902,132.38519807346165
omol25_train_4m,OMol25_train_4M_data0016_18415,omol25_low,350,cpu_vectorized,22.263772427104414,0.12816279539863817,22.240967024117708,22.47184928273782
omol25_train_4m,OMol25_train_4M_data0016_18415,omol25_low,350,gpu_vectorized_kernel_only,0.835465609561652,0.010659039486042018,0.8348773699253798,0.8477188879624009
