dataset,sample_id,modal,natoms,case,resolved_policy,n_warmup,n_repeat,device,mean_ms,std_ms,median_ms,p95_ms,warmup_mean_ms,warmup_std_ms,abs_energy_diff_vs_e3nn,max_abs_force_diff_vs_e3nn
oc20_s2ef_val_ood_both,OC20_S2EF_val_ood_both__file_0113__config_496,oc20,223,e3nn_baseline,baseline,3,30,cuda,174.43182157973447,0.1742197448350435,174.44930889178067,174.70691679045558,239.40339490460852,41.35095149463452,0.0,1.4901161193847656e-06
oc20_s2ef_val_ood_both,OC20_S2EF_val_ood_both__file_0113__config_496,oc20,223,e3nn_pair_full,full,3,30,cuda,171.7482425738126,0.2567472838543212,171.78810900077224,172.09129645489156,243.47081361338496,56.690183668071235,0.0,1.7881393432617188e-06
