dataset,sample_id,modal,natoms,case,resolved_policy,n_warmup,n_repeat,device,mean_ms,std_ms,median_ms,p95_ms,warmup_mean_ms,warmup_std_ms,abs_energy_diff_vs_e3nn,max_abs_force_diff_vs_e3nn
rmd17,rmd17_azobenzene,spice,24,flash_baseline,baseline,3,10,cuda,13.609649357385933,0.2595560153709537,13.462927425280213,14.091072778683156,61.59659537176291,15.905164654198298,0.0,1.1920928955078125e-06
rmd17,rmd17_azobenzene,spice,24,flash_pair_auto,geometry_only,3,10,cuda,14.502284699119627,0.32997661526096905,14.436355442740023,15.105547674465925,63.31486363584796,15.611616734307855,0.0,2.205371856689453e-06
