dataset,sample_id,modal,natoms,case,resolved_policy,n_warmup,n_repeat,device,mean_ms,std_ms,median_ms,p95_ms,warmup_mean_ms,warmup_std_ms,abs_energy_diff_vs_e3nn,max_abs_force_diff_vs_e3nn
oc22_s2ef_val_id,s2ef_val_id_0,oc22,200,e3nn_baseline,baseline,3,10,cuda,179.0389308007434,0.1588759606073099,179.06529654283077,179.25733744632453,243.9100285215924,41.5201996940129,0.0,7.62939453125e-06
oc22_s2ef_val_id,s2ef_val_id_0,oc22,200,e3nn_pair_full,full,3,10,cuda,176.91849265247583,0.6182791296846062,176.7939724959433,177.93766401009634,274.57756362855434,93.29048444584156,0.0,8.58306884765625e-06
