dataset,baseline_mean_ms,baseline_std_ms,proposal_mean_ms,proposal_std_ms,speedup_baseline_over_proposal
oc22_s2ef_val_id,179.0389308007434,0.1588759606073099,176.91849265247583,0.6182791296846062,1.0119853957405842
