dataset,baseline_mean_ms,baseline_std_ms,proposal_mean_ms,proposal_std_ms,speedup_baseline_over_proposal
oc22_s2ef_val_id,179.1929594706744,0.15532582936756473,176.72175705277672,0.27124293033104874,1.0139835776822865
