dataset,sample_id,modal,natoms,case,resolved_policy,n_warmup,n_repeat,device,mean_ms,std_ms,median_ms,p95_ms,warmup_mean_ms,warmup_std_ms,abs_energy_diff_vs_baseline,max_abs_force_diff_vs_baseline
oc22_s2ef_val_id,s2ef_val_id_0,oc22,200,sevennet_baseline,baseline,3,30,cuda,179.22637752878168,0.1647342632702516,179.2080254526809,179.573145986069,244.12608767549196,41.691257650278004,0.0,1.1444091796875e-05
oc22_s2ef_val_id,s2ef_val_id_0,oc22,200,sevennet_geometry_only,geometry_only,3,30,cuda,181.3476067579662,0.2928770598844261,181.29842705093324,182.0252702338621,246.00962433032691,41.55857973739852,0.0,7.62939453125e-06
