dataset,sample_id,modal,natoms,case,resolved_policy,n_warmup,n_repeat,device,mean_ms,std_ms,median_ms,p95_ms,warmup_mean_ms,warmup_std_ms,abs_energy_diff_vs_e3nn,max_abs_force_diff_vs_e3nn
oc20_s2ef_train_20m,OC20_S2EF_train_20M__file_0444__config_1055,oc20,225,flash_baseline,baseline,3,10,cuda,15.983972698450089,0.20443027375339157,16.033116029575467,16.249911300837994,65.97258569672704,15.912152140128637,0.0,8.344650268554688e-07
oc20_s2ef_train_20m,OC20_S2EF_train_20M__file_0444__config_1055,oc20,225,flash_pair_auto,geometry_only,3,10,cuda,27.30593392625451,1.4330395616841762,27.88645855616778,28.412458719685674,83.64160739195843,29.204293115526422,0.0,1.1622905731201172e-06
