dataset,sample_id,modal,natoms,case,resolved_policy,n_warmup,n_repeat,device,mean_ms,std_ms,median_ms,p95_ms,warmup_mean_ms,warmup_std_ms,abs_energy_diff_vs_baseline,max_abs_force_diff_vs_baseline
omol25_train_neutral,OMol25_train_neutral_data0063_395425,omol25_low,181,sevennet_baseline,baseline,3,30,cuda,150.16477313668778,0.1558607610503983,150.19593108445406,150.39793003816158,216.78676021595797,42.683754440412336,0.0,7.62939453125e-06
omol25_train_neutral,OMol25_train_neutral_data0063_395425,omol25_low,181,sevennet_geometry_only,geometry_only,3,30,cuda,152.02721908378103,0.22353267139805444,152.0138280466199,152.35997126437724,218.94966927357018,42.84994242187305,0.0,1.52587890625e-05
