dataset,baseline_mean_ms,baseline_std_ms,proposal_mean_ms,proposal_std_ms,speedup_baseline_over_proposal
oc20_s2ef_val_id,230.7244974654168,0.24885386937104506,227.48780974652618,0.27217518191151735,1.0142279611487623
