dataset,sample_id,modal,natoms,method,timing_ms_mean,timing_ms_std,timing_ms_median,timing_ms_p95
oc22_s2ef_val_ood,is2re_val_ood_43,oc22,216,cpu_original,123.74877518974245,0.8107393423825637,123.49236407317221,125.30503165908158
oc22_s2ef_val_ood,is2re_val_ood_43,oc22,216,cpu_vectorized,21.49211577605456,0.1014650719885153,21.47809462621808,21.668616007082164
oc22_s2ef_val_ood,is2re_val_ood_43,oc22,216,gpu_vectorized_kernel_only,0.8199006109498441,0.010368387589570724,0.819129403680563,0.8391614421270788
