dataset,sample_id,modal,natoms,case,resolved_policy,n_warmup,n_repeat,device,mean_ms,std_ms,median_ms,p95_ms,warmup_mean_ms,warmup_std_ms,abs_energy_diff_vs_baseline,max_abs_force_diff_vs_baseline
oc22_s2ef_val_ood,is2re_val_ood_43,oc22,216,sevennet_baseline,baseline,3,30,cuda,280.2864677350347,0.15829693517757276,280.2644239272922,280.53693323163316,336.83121266464394,36.137447951596904,0.0,8.940696716308594e-07
oc22_s2ef_val_ood,is2re_val_ood_43,oc22,216,sevennet_geometry_only,geometry_only,3,30,cuda,283.8040851599847,0.33271100551314475,283.64648309070617,284.38445263309404,340.06927666875225,36.03310811056419,0.0,1.7508864402770996e-06
