dataset,sample_id,modal,natoms,method,timing_ms_mean,timing_ms_std,timing_ms_median,timing_ms_p95
oc20_s2ef_train_2m,frame27,oc20,225,cpu_original,73.32552104722708,0.6252746444305451,73.32943507935852,74.01489671319723
oc20_s2ef_train_2m,frame27,oc20,225,cpu_vectorized,12.940438052173704,0.4303060746762956,12.862893985584378,13.0493582226336
oc20_s2ef_train_2m,frame27,oc20,225,gpu_vectorized_kernel_only,0.764674786478281,0.016125491473658344,0.7641040720045567,0.7931898930110037
