dataset,sample_id,modal,natoms,case,n_warmup,n_repeat,device,resolved_policy,abs_energy_diff_mean,abs_energy_diff_std,abs_energy_diff_max,max_force_diff_mean,max_force_diff_std,max_force_diff_max,mean_force_diff_mean,mean_force_diff_std,mean_force_diff_max
mptrj,mp-1204603,mpa,444,sevennet_baseline,2,30,cuda,baseline,0.0,0.0,0.0,1.1332333087921142e-06,1.0490799351051314e-07,1.341104507446289e-06,1.5366439167034212e-07,4.47001563156354e-09,1.6497519084168744e-07
mptrj,mp-1204603,mpa,444,sevennet_geometry_only,2,30,cuda,geometry_only,8.138020833333333e-06,4.3824583391394064e-05,0.000244140625,1.9371509552001953e-06,1.8467823725735746e-07,2.3543834686279297e-06,2.8336281066761633e-07,5.344500905434982e-09,2.9561172709691164e-07
