dataset,sample_id,modal,natoms,case,resolved_policy,n_warmup,n_repeat,device,mean_ms,std_ms,median_ms,p95_ms,warmup_mean_ms,warmup_std_ms,abs_energy_diff_vs_e3nn,max_abs_force_diff_vs_e3nn
salex_train_official,alex_go_aao_005:4493,omat24,132,e3nn_baseline,baseline,3,10,cuda,152.02908711507916,0.24274710325422166,151.9572475226596,152.41658311570063,217.9350173100829,42.28902953734779,0.0001220703125,1.519918441772461e-06
salex_train_official,alex_go_aao_005:4493,omat24,132,e3nn_pair_full,full,3,10,cuda,147.97975244000554,0.15310708550007765,147.9921475984156,148.1736610061489,243.1883333871762,88.16225407569864,6.103515625e-05,1.862645149230957e-06
