dataset,sample_id,modal,natoms,case,resolved_policy,n_warmup,n_repeat,device,mean_ms,std_ms,median_ms,p95_ms,warmup_mean_ms,warmup_std_ms,abs_energy_diff_vs_e3nn,max_abs_force_diff_vs_e3nn
md22_at_at,md22_AT-AT_12521,spice,60,e3nn_baseline,baseline,3,30,cuda,29.43727607683589,0.1673675057077323,29.440880520269275,29.7075972892344,112.12440223122637,39.76107379351381,0.0,1.430511474609375e-06
md22_at_at,md22_AT-AT_12521,spice,60,e3nn_pair_full,full,3,30,cuda,48.90356161631644,1.7798099592258887,48.16209548152983,53.0524022760801,131.8105390916268,50.80847274040749,0.0,3.0994415283203125e-06
