dataset,baseline_mean_ms,baseline_std_ms,proposal_mean_ms,proposal_std_ms,speedup_baseline_over_proposal
oc20_s2ef_val_id,230.78322334525487,0.17921818387651092,228.03355436772108,1.0648505063164917,1.0120581770746762
