dataset,sample_id,modal,natoms,case,resolved_policy,n_warmup,n_repeat,device,mean_ms,std_ms,median_ms,p95_ms,warmup_mean_ms,warmup_std_ms,abs_energy_diff_vs_e3nn,max_abs_force_diff_vs_e3nn
oc20_s2ef_val_id,OC20_S2EF_val_id__file_0049__config_3636,oc20,225,e3nn_baseline,baseline,3,30,cuda,230.78322334525487,0.17921818387651092,230.75263551436365,231.09874777728692,290.36352240170044,38.20551223717771,0.0,9.313225746154785e-07
oc20_s2ef_val_id,OC20_S2EF_val_id__file_0049__config_3636,oc20,225,e3nn_pair_full,full,3,30,cuda,228.03355436772108,1.0648505063164917,227.9079834697768,228.39835546910763,296.9878593770166,55.86495043250447,0.0,2.0507723093032837e-06
