dataset,sample_id,modal,natoms,case,resolved_policy,n_warmup,n_repeat,device,mean_ms,std_ms,median_ms,p95_ms,warmup_mean_ms,warmup_std_ms,abs_energy_diff_vs_e3nn,max_abs_force_diff_vs_e3nn
oc20_s2ef_val_ood_both,OC20_S2EF_val_ood_both__file_0113__config_496,oc20,223,e3nn_baseline,baseline,3,10,cuda,174.43758137524128,0.14879398450797973,174.4422559859231,174.64540564687923,238.70072001591325,41.07416591863243,0.0,1.1324882507324219e-06
oc20_s2ef_val_ood_both,OC20_S2EF_val_ood_both__file_0113__config_496,oc20,223,e3nn_pair_full,full,3,10,cuda,171.83799822814763,0.19153867946609066,171.80490458849818,172.12562877684832,268.803763591374,91.40632613411046,0.0,1.519918441772461e-06
