dataset,sample_id,modal,natoms,method,timing_ms_mean,timing_ms_std,timing_ms_median,timing_ms_p95
ani1ccx,055:0,spice,55,cpu_original,14.060978519264609,0.09790799738494045,14.058488537557423,14.229280280414969
ani1ccx,055:0,spice,55,cpu_vectorized,2.4710550415329635,0.014032236825591096,2.472690539434552,2.493016596417874
ani1ccx,055:0,spice,55,gpu_vectorized_kernel_only,0.646724000107497,0.008770770052490492,0.6473844405263662,0.6595945684239268
