dataset,sample_id,modal,natoms,case,resolved_policy,n_warmup,n_repeat,device,mean_ms,std_ms,median_ms,p95_ms,warmup_mean_ms,warmup_std_ms,abs_energy_diff_vs_e3nn,max_abs_force_diff_vs_e3nn
omat24_1m_official,train:106751,omat24,160,e3nn_baseline,baseline,3,10,cuda,232.52108281012625,0.2556810438126654,232.48207301367074,232.9390323255211,292.822717068096,38.69570288750068,6.103515625e-05,6.103515625e-05
omat24_1m_official,train:106751,omat24,160,e3nn_pair_full,full,3,10,cuda,229.51046687085181,0.2998438861769821,229.49450835585594,229.9157684086822,333.36842626643676,102.73244889165547,6.103515625e-05,0.00018310546875
