dataset,sample_id,modal,natoms,case,resolved_policy,n_warmup,n_repeat,device,mean_ms,std_ms,median_ms,p95_ms,warmup_mean_ms,warmup_std_ms,abs_energy_diff_vs_e3nn,max_abs_force_diff_vs_e3nn
oc22_s2ef_val_ood,is2re_val_ood_43,oc22,216,e3nn_baseline,baseline,3,10,cuda,280.3009585943073,0.09874459662493398,280.2904719719663,280.43646754231304,336.0961600362013,35.990591798088296,0.0,1.0542571544647217e-06
oc22_s2ef_val_ood,is2re_val_ood_43,oc22,216,e3nn_pair_full,full,3,10,cuda,277.4118079803884,0.24150386416606304,277.4589174659923,277.73507076781243,384.9789860347907,110.603307004351,0.0,1.9744038581848145e-06
