dataset,sample_id,modal,natoms,case,resolved_policy,n_warmup,n_repeat,device,mean_ms,std_ms,median_ms,p95_ms,warmup_mean_ms,warmup_std_ms,abs_energy_diff_vs_e3nn,max_abs_force_diff_vs_e3nn
iso17,iso17,spice,19,e3nn_baseline,baseline,3,10,cuda,29.38942515756935,0.18112837459692188,29.33436748571694,29.706816794350743,111.72790134636064,39.810068542205094,0.0,1.3709068298339844e-06
iso17,iso17,spice,19,e3nn_pair_full,full,3,10,cuda,47.90670149959624,0.24321644694676417,47.84260340966284,48.32393112592399,131.80668970259526,50.82287102796412,0.0,1.430511474609375e-06
