dataset,sample_id,modal,natoms,method,timing_ms_mean,timing_ms_std,timing_ms_median,timing_ms_p95
md22_buckyball_catcher,md22_buckyball-catcher_1114,spice,148,cpu_original,46.87546020373702,0.262266459007261,46.91769846249372,47.23009882727638
md22_buckyball_catcher,md22_buckyball-catcher_1114,spice,148,cpu_vectorized,8.13574227038771,0.16005721833179587,8.039039908908308,8.357693161815405
md22_buckyball_catcher,md22_buckyball-catcher_1114,spice,148,gpu_vectorized_kernel_only,0.7064909464679658,0.008819366868880754,0.7069254061207175,0.7158992229960859
