dataset,sample_id,modal,natoms,method,timing_ms_mean,timing_ms_std,timing_ms_median,timing_ms_p95
md22_at_at,md22_AT-AT_12521,spice,60,cpu_original,9.166964350733906,0.06379574210347738,9.171822923235595,9.266307309735566
md22_at_at,md22_AT-AT_12521,spice,60,cpu_vectorized,1.6861491790041327,0.011162853226861133,1.683987444266677,1.7043523723259568
md22_at_at,md22_AT-AT_12521,spice,60,gpu_vectorized_kernel_only,0.6025078892707825,0.009470962998761588,0.6013669772073627,0.6167555344291031
