dataset,sample_id,modal,natoms,method,timing_ms_mean,timing_ms_std,timing_ms_median,timing_ms_p95
mptrj,mp-1204603,mpa,444,cpu_original,187.84019194776192,0.887975497754899,187.64282297343016,189.4837521133013
mptrj,mp-1204603,mpa,444,cpu_vectorized,32.16326284222305,0.16060937319496735,32.14028605725616,32.45202276157215
mptrj,mp-1204603,mpa,444,gpu_vectorized_kernel_only,0.8702640770934522,0.008308644118049914,0.8686484070494771,0.8852558908984065
