dataset,sample_id,modal,natoms,method,timing_ms_mean,timing_ms_std,timing_ms_median,timing_ms_p95
oc22_s2ef_val_id,s2ef_val_id_0,oc22,200,cpu_original,79.32867333292961,0.5490163464651452,79.17945401277393,80.29168371576816
oc22_s2ef_val_id,s2ef_val_id_0,oc22,200,cpu_vectorized,13.970769089646637,0.1082019955037871,13.98147246800363,14.120348379947245
oc22_s2ef_val_id,s2ef_val_id_0,oc22,200,gpu_vectorized_kernel_only,0.7627621106803417,0.013996974831165503,0.761992996558547,0.7854299037717283
