dataset,sample_id,modal,natoms,case,n_warmup,n_repeat,device,resolved_policy,abs_energy_diff_mean,abs_energy_diff_std,abs_energy_diff_max,max_force_diff_mean,max_force_diff_std,max_force_diff_max,mean_force_diff_mean,mean_force_diff_std,mean_force_diff_max
oc20_s2ef_train_20m,OC20_S2EF_train_20M__file_0444__config_1055,oc20,225,e3nn_baseline,2,10,cuda,baseline,5.4931640625e-05,1.8310546875000003e-05,6.103515625e-05,8.698552846908569e-07,1.0206547613143203e-07,9.834766387939453e-07,1.4415519729027436e-07,3.870797414233512e-09,1.5045624479625985e-07
oc20_s2ef_train_20m,OC20_S2EF_train_20M__file_0444__config_1055,oc20,225,e3nn_pair_full,2,10,cuda,full,4.2724609375e-05,2.7969822356908206e-05,6.103515625e-05,1.1067837476730348e-06,1.2117734318580515e-07,1.430511474609375e-06,2.189983021594344e-07,4.003117376192796e-09,2.2660503873339621e-07
