dataset,sample_id,modal,natoms,case,resolved_policy,n_warmup,n_repeat,device,mean_ms,std_ms,median_ms,p95_ms,warmup_mean_ms,warmup_std_ms,abs_energy_diff_vs_baseline,max_abs_force_diff_vs_baseline
md22_ac_ala3_nhme,md22_Ac-Ala3-NHMe_4756,spice,42,sevennet_baseline,baseline,3,30,cuda,29.601589489417773,0.19610952534318873,29.64173792861402,29.851586231961846,113.1896764660875,40.539840851475944,0.0,9.5367431640625e-07
md22_ac_ala3_nhme,md22_Ac-Ala3-NHMe_4756,spice,42,sevennet_geometry_only,geometry_only,3,30,cuda,30.1890762289986,0.5168360422258303,30.01130756456405,31.2294649425894,114.43409207277,40.68624535209889,0.0,1.7285346984863281e-06
