dataset,sample_id,modal,natoms,case,resolved_policy,n_warmup,n_repeat,device,mean_ms,std_ms,median_ms,p95_ms,warmup_mean_ms,warmup_std_ms,abs_energy_diff_vs_e3nn,max_abs_force_diff_vs_e3nn
md22_at_at,md22_AT-AT_12521,spice,60,e3nn_baseline,baseline,3,10,cuda,29.31396292988211,0.18888267681551948,29.297549510374665,29.615864891093224,111.89592606388032,39.91123250174963,0.0,3.0994415283203125e-06
md22_at_at,md22_AT-AT_12521,spice,60,e3nn_pair_full,full,3,10,cuda,48.27208698261529,0.3103374515286291,48.27346187084913,48.716790915932506,134.8324263623605,54.58143453385299,0.0,2.86102294921875e-06
