dataset,sample_id,modal,natoms,case,resolved_policy,n_warmup,n_repeat,device,mean_ms,std_ms,median_ms,p95_ms,warmup_mean_ms,warmup_std_ms,abs_energy_diff_vs_e3nn,max_abs_force_diff_vs_e3nn
salex_val_official,alex_go_aao_006:1039,omat24,128,e3nn_baseline,baseline,3,30,cuda,201.41295697540045,0.37506055602579574,201.34299248456955,202.2193794255145,264.5480476785451,40.77847744266932,0.0,1.6614794731140137e-06
salex_val_official,alex_go_aao_006:1039,omat24,128,e3nn_pair_full,full,3,30,cuda,198.5570884309709,0.7348547320825936,198.4398914501071,199.1429624846205,270.5886666662991,57.689139904660315,0.0,4.239380359649658e-06
