dataset,sample_id,modal,natoms,case,resolved_policy,n_warmup,n_repeat,device,mean_ms,std_ms,median_ms,p95_ms,warmup_mean_ms,warmup_std_ms,abs_energy_diff_vs_e3nn,max_abs_force_diff_vs_e3nn
oc22_s2ef_val_ood,is2re_val_ood_43,oc22,216,flash_baseline,baseline,3,10,cuda,27.958969795145094,0.20485711794459088,27.94049249496311,28.272830555215478,69.02768276631832,14.549978687469821,0.0,9.10833477973938e-07
oc22_s2ef_val_ood,is2re_val_ood_43,oc22,216,flash_pair_auto,geometry_only,3,10,cuda,29.783737030811608,1.0786551282041659,29.258677503094077,31.549698649905622,113.02250724596281,60.649466604267715,0.0,1.8170103430747986e-06
