dataset,sample_id,modal,natoms,case,resolved_policy,n_warmup,n_repeat,device,mean_ms,std_ms,median_ms,p95_ms,warmup_mean_ms,warmup_std_ms,abs_energy_diff_vs_e3nn,max_abs_force_diff_vs_e3nn
omol25_train_neutral,OMol25_train_neutral_data0063_395425,omol25_low,181,e3nn_baseline,baseline,3,10,cuda,150.31542009674013,0.1372316907172892,150.24656592868268,150.53075118921697,216.25952259637415,42.23310386992772,0.0,7.62939453125e-06
omol25_train_neutral,OMol25_train_neutral_data0063_395425,omol25_low,181,e3nn_pair_full,full,3,10,cuda,146.151217748411,0.23036736567394828,146.14882098976523,146.4451976818964,242.82462801784277,89.97364170170185,0.0,1.52587890625e-05
