dataset,sample_id,modal,natoms,case,resolved_policy,n_warmup,n_repeat,device,mean_ms,std_ms,median_ms,p95_ms,warmup_mean_ms,warmup_std_ms,abs_energy_diff_vs_e3nn,max_abs_force_diff_vs_e3nn
wbm_initial,wbm_initial:23057,matpes_pbe,100,flash_baseline,baseline,3,10,cuda,13.782980502583086,0.0819056245148256,13.749990495853126,13.91641270602122,61.83690011190871,15.760040092757484,0.0,5.066394805908203e-07
wbm_initial,wbm_initial:23057,matpes_pbe,100,flash_pair_auto,geometry_only,3,10,cuda,19.29001808166504,1.6778433058969295,19.69861949328333,21.49430195568129,69.23512602224946,15.195065531223598,0.0,5.662441253662109e-07
