dataset,sample_id,modal,natoms,method,timing_ms_mean,timing_ms_std,timing_ms_median,timing_ms_p95
md22_dha,md22_DHA_45597,spice,56,cpu_original,9.796419250778854,0.1019500674927985,9.799784864299,9.909790672827512
md22_dha,md22_DHA_45597,spice,56,cpu_vectorized,1.7821065988391638,0.01631296779392698,1.7811135621741414,1.8059200840070844
md22_dha,md22_DHA_45597,spice,56,gpu_vectorized_kernel_only,0.6124517321586609,0.012100089250034628,0.6104554049670696,0.6334926467388868
