dataset,sample_id,modal,natoms,case,n_warmup,n_repeat,device,resolved_policy,abs_energy_diff_mean,abs_energy_diff_std,abs_energy_diff_max,max_force_diff_mean,max_force_diff_std,max_force_diff_max,mean_force_diff_mean,mean_force_diff_std,mean_force_diff_max
oc20_s2ef_train_20m,OC20_S2EF_train_20M__file_0444__config_1055,oc20,225,sevennet_baseline,2,30,cuda,baseline,1.220703125e-05,2.4414062500000005e-05,6.103515625e-05,7.9423189163208e-07,1.0493775348708102e-07,1.0654330253601074e-06,1.4279358519312762e-07,4.14837503644617e-09,1.505699600556909e-07
oc20_s2ef_train_20m,OC20_S2EF_train_20M__file_0444__config_1055,oc20,225,sevennet_geometry_only,2,30,cuda,geometry_only,1.220703125e-05,2.4414062500000005e-05,6.103515625e-05,1.1485069990158081e-06,1.513132945355773e-07,1.430511474609375e-06,2.151239688904146e-07,3.661535876117124e-09,2.2449802372648264e-07
