feature,pearson_with_speedup,spearman_with_speedup
atom_density,0.16257146452834528,0.15026035822495024
num_elements,-0.2979225720944327,-0.059279221954539774
natoms,0.29377595315682653,-0.10058958912437337
pbc_dims,0.05258674784697338,-0.13483997249264842
num_edges,0.19071146197445288,-0.1571939024120751
num_pairs,0.19071146197445288,-0.1571939024120751
avg_neighbors_directed,-0.053162598432543666,-0.32867815958888424
avg_unique_pairs_per_atom,-0.053162598432543666,-0.32867815958888424
pair_reuse_factor,,
rank4_boundary_ratio_estimate,,
