dataset,sample_id,modal,natoms,method,timing_ms_mean,timing_ms_std,timing_ms_median,timing_ms_p95
oc22_s2ef_train,s2ef_train_0,oc22,228,cpu_original,96.43200806574896,0.6724605058456087,96.18318849243224,97.49445171328261
oc22_s2ef_train,s2ef_train_0,oc22,228,cpu_vectorized,16.91869536647573,0.11260183223100895,16.898696427233517,17.156462091952562
oc22_s2ef_train,s2ef_train_0,oc22,228,gpu_vectorized_kernel_only,0.7800688268616796,0.013657076931682288,0.7770189549773932,0.7992463768459857
