dataset,sample_id,modal,natoms,method,timing_ms_mean,timing_ms_std,timing_ms_median,timing_ms_p95
rmd17,rmd17_azobenzene,spice,24,cpu_original,2.564609705004841,0.015845287375979875,2.5661044055595994,2.588062162976712
rmd17,rmd17_azobenzene,spice,24,cpu_vectorized,0.5907072895206511,0.010978749901609873,0.5908571183681488,0.6085782079026103
rmd17,rmd17_azobenzene,spice,24,gpu_vectorized_kernel_only,0.523841418325901,0.012433085078435992,0.5217874422669411,0.5492064286954701
