dataset,sample_id,modal,natoms,case,resolved_policy,n_warmup,n_repeat,device,mean_ms,std_ms,median_ms,p95_ms,warmup_mean_ms,warmup_std_ms,abs_energy_diff_vs_e3nn,max_abs_force_diff_vs_e3nn
oc20_s2ef_val_ood_ads,OC20_S2EF_val_ood_ads__file_0071__config_1575,oc20,225,e3nn_baseline,baseline,3,30,cuda,102.78067192994058,0.08287403112258385,102.77083201799542,102.94911456294358,172.0419217211505,44.67791599931182,0.0,8.046627044677734e-07
oc20_s2ef_val_ood_ads,OC20_S2EF_val_ood_ads__file_0071__config_1575,oc20,225,e3nn_pair_full,full,3,30,cuda,95.75792029500008,0.21736449248952752,95.72609898168594,96.05145297246054,171.4119027213504,57.659496550473754,0.0,1.1324882507324219e-06
