dataset,sample_id,modal,natoms,case,resolved_policy,n_warmup,n_repeat,device,mean_ms,std_ms,median_ms,p95_ms,warmup_mean_ms,warmup_std_ms,abs_energy_diff_vs_e3nn,max_abs_force_diff_vs_e3nn
omol25_train_neutral,OMol25_train_neutral_data0063_395425,omol25_low,181,e3nn_baseline,baseline,3,30,cuda,150.3228490551313,0.2627154630985818,150.25299706030637,150.8007352007553,217.4662999653568,43.19087131225227,0.0,3.814697265625e-06
omol25_train_neutral,OMol25_train_neutral_data0063_395425,omol25_low,181,e3nn_pair_full,full,3,30,cuda,146.38800490647554,0.45084938125552027,146.33295813109726,147.25036495365202,219.732173330461,58.38921753836103,0.0,1.52587890625e-05
