dataset,sample_id,modal,natoms,case,resolved_policy,n_warmup,n_repeat,device,mean_ms,std_ms,median_ms,p95_ms,warmup_mean_ms,warmup_std_ms,abs_energy_diff_vs_e3nn,max_abs_force_diff_vs_e3nn
md22_dha,md22_DHA_45597,spice,56,e3nn_baseline,baseline,3,30,cuda,29.415527863117557,0.32551696856085616,29.36905645765364,30.088130431249738,112.14106475623946,39.99189766357113,0.0,1.3113021850585938e-06
md22_dha,md22_DHA_45597,spice,56,e3nn_pair_full,full,3,30,cuda,48.49982971791178,0.5412288253716311,48.34370012395084,49.63029060745612,132.49087271591029,50.905036298177286,0.0,1.7434358596801758e-06
