dataset,sample_id,modal,natoms,case,resolved_policy,n_warmup,n_repeat,device,mean_ms,std_ms,median_ms,p95_ms,warmup_mean_ms,warmup_std_ms,abs_energy_diff_vs_e3nn,max_abs_force_diff_vs_e3nn
mptrj,mp-1204603,mpa,444,flash_baseline,baseline,3,10,cuda,32.89117307867855,0.48567604177064105,32.714727451093495,33.77786003984511,72.45653425343335,17.128085120498476,0.0,1.0728836059570312e-06
mptrj,mp-1204603,mpa,444,flash_pair_auto,geometry_only,3,10,cuda,38.0289337830618,0.4788110604731886,37.79302351176739,38.84765595430508,137.7112070719401,92.14930484068962,0.0,1.6540288925170898e-06
