dataset,sample_id,modal,natoms,case,n_warmup,n_repeat,device,resolved_policy,abs_energy_diff_mean,abs_energy_diff_std,abs_energy_diff_max,max_force_diff_mean,max_force_diff_std,max_force_diff_max,mean_force_diff_mean,mean_force_diff_std,mean_force_diff_max
omat24_1m_official,train:106751,omat24,160,sevennet_baseline,2,30,cuda,baseline,1.4241536458333334e-05,2.58149770923859e-05,6.103515625e-05,0.00015716552734375,7.569651339607216e-05,0.0003662109375,1.4215627553918844e-06,3.782658988516124e-07,2.24248515223735e-06
omat24_1m_official,train:106751,omat24,160,sevennet_geometry_only,2,30,cuda,geometry_only,8.138020833333333e-06,2.0747963515595644e-05,6.103515625e-05,0.00030517578125,8.035651716362101e-05,0.00048828125,2.2377240156856716e-06,4.551525741369635e-07,3.434009386182879e-06
