dataset,baseline_mean_ms,baseline_std_ms,proposal_mean_ms,proposal_std_ms,speedup_baseline_over_proposal
phonondb_pbe,29.51529951921354,0.09653301688988278,47.977553688300155,0.21044156789346632,0.615189755421214
