dataset,sample_id,modal,natoms,case,resolved_policy,n_warmup,n_repeat,device,mean_ms,std_ms,median_ms,p95_ms,warmup_mean_ms,warmup_std_ms,abs_energy_diff_vs_e3nn,max_abs_force_diff_vs_e3nn
md22_dha,md22_DHA_45597,spice,56,flash_baseline,baseline,3,10,cuda,13.51375998929143,0.08554241342770633,13.481909525580704,13.66073255194351,61.26193834158281,15.721946954913086,0.0,1.0728836059570312e-06
md22_dha,md22_DHA_45597,spice,56,flash_pair_auto,geometry_only,3,10,cuda,15.977893793024123,0.27350119178507337,15.915162512101233,16.43928859848529,66.50234169016282,14.732496085036596,0.0,1.4007091522216797e-06
