dataset,sample_id,modal,natoms,case,resolved_policy,n_warmup,n_repeat,device,mean_ms,std_ms,median_ms,p95_ms,warmup_mean_ms,warmup_std_ms,abs_energy_diff_vs_e3nn,max_abs_force_diff_vs_e3nn
ani1ccx,055:0,spice,55,e3nn_baseline,baseline,3,10,cuda,31.833992525935173,0.4398851714892866,31.763374456204474,32.58928944123909,254.24471901108822,213.4173007553281,0.0,9.5367431640625e-07
ani1ccx,055:0,spice,55,e3nn_pair_full,full,3,10,cuda,48.29108465928584,0.205224307405854,48.317950568161905,48.52954882662743,236.40526132658124,135.9148338332521,0.0,1.1920928955078125e-06
